{
  "name": "Enhanced-Nextion-Library",
  "version": "1.2.3",
  "repository": {
    "type": "git",
    "url": "https://github.com/jyberg/Enhanced-Nextion-Library.git",
    "branch": "master"
  },
  "description": "Arduino / NodeMcu Library for Nextion displays. Support for multiple connected dispalayse simultaneusly",
  "authors": [
    {
      "name": "Jyrki Berg",
      "url": "https://github.com/jyberg",
      "maintainer": true
    }
  ], 
  "keywords": [
    "Arduino",
    "NodeMCU",
    "esp8266",
    "Nextion",
    "Display",
    "Touch screen"
  ],
  "license": "MIT",
  "dependencies": [
    {
      "platforms":
      [
        "espressif8266"
      ],
      "name": "SdFat",
      "version": ">=1.1.4",
      "authors": "Bill Greiman",
      "frameworks": "arduino"
    }
  ],
  "frameworks": "arduino",
  "platforms": "*"
}
